"Tanggal Pembelian","No Invoice","Nama Supplier","Nama Barang","Jumlah","Satuan","Harga Satuan","Total Harga","Harga Jual"
"2026-06-10","INV/2026/06/0101","Sumber Biru Unggas","Ayam Cut 1kg isi 10",254.6,"kg",29000,7383400,0
"2026-06-10","INV/2026/06/0102","Ida Minyak","Minyak Goreng",10,"liter",18500,185000,0
"2026-06-10","INV/2026/06/0103","Rudi Beras","Beras",120,"kg",14000,1680000,0
"2026-06-10","INV/2026/06/0104","Tedy Telur","Telur",3,"kg",23600,70800,0
"2026-06-10","INV/2026/06/0105","Yosua Buah","Buah Semangka",380,"kg",13000,4940000,0
"2026-06-10","INV/2026/06/0106","April Tahu","Tahu Putih Besar",1079,"Pcs",1000,1079000,0
"2026-06-10","INV/2026/06/0107","Ida Minyak","MInyak Goreng",60,"liter",18500,1110000,0
"2026-06-10","INV/2026/06/0108","Rudi Beras","Beras",110,"kg",14000,1540000,0
"2026-06-10","INV/2026/06/0109","Yuyun Pagu","Tepung Terigu 25kg",1,"sack",221000,221000,0
"2026-06-10","INV/2026/06/0109","Yuyun Pagu","Kelapa utuh",20,"biji",7000,140000,0
"2026-06-10","INV/2026/06/0110","Lailita Ngasem","Tempe",95,"kotak",12000,1140000,0
"2026-06-10","INV/2026/06/0111","Lailita Ngasem","Kecap Bango 750gr",7,"Pcs",26600,186200,0
"2026-06-10","INV/2026/06/0111","Lailita Ngasem","Tepung Panir",30,"kg",17500,525000,0
"2026-06-11","INV/2026/06/0112","Rudi Beras","Beras",110,"kg",14000,1540000,0
"2026-06-11","INV/2026/06/0113","Anto Tempe","Tempe",250,"pcs",5500,1375000,0
"2026-06-11","INV/2026/06/0114","Ida Minyak","Minyak Goreng",40,"liter",18500,740000,0
"2026-06-11","INV/2026/06/0115","Rudi Beras","Beras",90,"kg",14000,1260000,0
"2026-06-11","INV/2026/06/0116","April Tahu","Tahu Putih",1270,"pcs",1000,1270000,0
"2026-06-11","INV/2026/06/0117","Ida Minyak","Minyak Goreng",60,"liter",18500,1110000,0
"2026-06-14","INV/2026/06/0118","Tedy Telur","Telur Ayam",111,"kg",23700,2630700,0
"2026-06-15","INV/2026/06/0119","Tedy Telur","Telur Ayam",156,"kg",23700,3697200,0
"2026-06-15","INV/2026/06/0120","Siera Grosir Susu","Susu Frisian Flag",57,"karton",114000,6498000,0
"2026-06-15","INV/2026/06/0121","Rudi Beras","Beras",90,"kg",14000,1260000,0
"2026-06-15","INV/2026/06/0122","Rudi Beras","Beras",110,"kg",14000,1540000,0
"2026-06-15","INV/2026/06/0123","Yosua Buah","Apel Manalagi",160,"kg",27000,4320000,0
"2026-06-15","INV/2026/06/0124","Yosua Buah","Buah Melon",380,"kg",13000,4940000,0
"2026-06-15","INV/2026/06/0125","Ida Minyak","Minyak Goreng",60,"liter",18500,1110000,0
"2026-06-15","INV/2026/06/0126","Ida Minyak","Minyak Goreng",20,"liter",18500,370000,0
"2026-06-15","INV/2026/06/0127","Puji Sayur dan Buah Bumbu","Totole Kaldu Jamur",1,"kg",121000,121000,0
"2026-06-15","INV/2026/06/0127","Puji Sayur dan Buah Bumbu","Delmonte Saos Tomat 1kg",5,"pcs",19000,95000,0
"2026-06-15","INV/2026/06/0127","Puji Sayur dan Buah Bumbu","Knorr Chicken",5,"kg",101000,505000,0
"2026-06-15","INV/2026/06/0128","Puji Sayur dan Buah Bumbu","Knorr Rostip",1,"kg",75000,75000,0
"2026-06-15","INV/2026/06/0129","April Tahu","Tahu Putih",1800,"pcs",1000,1800000,0
"2026-06-15","INV/2026/06/0131","Rom Sembako","Gula Pasir",5,"kg",16600,83000,0
"2026-06-15","INV/2026/06/0131","Rom Sembako","Tepung Maizena",8,"kg",13500,108000,0
"2026-06-15","INV/2026/06/0131","Rom Sembako","Garam Kapal",5,"pcs",1800,9000,0
"2026-06-15","INV/2026/06/0131","Rom Sembako","Ladaku Merica Bubuk 250gr",1,"Pcs",100000,100000,0
"2026-06-15","INV/2026/06/0132","Lailita Ngasem","Bawang Merah",8,"kg",44000,352000,0
"2026-06-15","INV/2026/06/0133","Yuyun Pagu","Susu Frisian Flag",12,"biji",4000,48000,0
"2026-06-15","INV/2026/06/0133","Yuyun Pagu","Daging Ayam",8,"kg",34000,272000,0
"2026-06-15","INV/2026/06/0133","Yuyun Pagu","Tepung Terigu",5,"kg",9000,45000,0
"2026-06-15","INV/2026/06/0133","Yuyun Pagu","Tepung Terigu Alfamidi",6,"kg",16000,96000,0
"2026-06-15","INV/2026/06/0133","Yuyun Pagu","Bumbu-Bumbu",1,"pcs",70000,70000,0
"2026-06-15","INV/2026/06/0133","Yuyun Pagu","Tomat",3,"kg",11000,33000,0
"2026-06-15","INV/2026/06/0133","Yuyun Pagu","Ayam kasaran 1/2 kg",1,"bks",35000,35000,0
"2026-06-16","INV/2026/06/0134","Rudi Beras","Beras",110,"kg",14000,1540000,0
"2026-06-16","INV/2026/06/0135","Rudi Beras","Beras",110,"kg",14000,1540000,0
"2026-06-16","INV/2026/06/0136","Siera Grosir Susu","Susu Frisian Flag Plain",70,"karton",114000,7980000,0
"2026-06-16","INV/2026/06/0137","Yosua Buah","Buah Semangka",380,"kg",12500,4750000,0
"2026-06-16","INV/2026/06/0138","Lailita Ngasem","Sawi Putih",21,"kg",10500,220500,0
"2026-06-16","INV/2026/06/0138","Lailita Ngasem","Wortel",15,"kg",19000,285000,0
"2026-06-16","INV/2026/06/0139","Anto Tempe","Tempe Besar",200,"pcs",5000,1000000,0
"2026-06-16","INV/2026/06/0140","Muchsieun Gas","Gas Pink",5,"tabung",230000,1150000,0
"2026-06-16","INV/2026/06/0141","Yuyun Pagu","Royco Ayam",5,"pcs",10000,50000,0
"2026-06-16","INV/2026/06/0141","Yuyun Pagu","Kaldu Ayam Totole",4,"pcs",12000,48000,0
"2026-06-16","INV/2026/06/0141","Yuyun Pagu","Kecap Sawi",1,"jerigen",190000,190000,0
"2026-06-16","INV/2026/06/0141","Yuyun Pagu","Sayur Capcay",1,"bungkus",50000,50000,0
"2026-06-10","INV/2026/06/0142","Puji Sayur dan Buah Bumbu","Knorr Chicken",5,"kg",101000,505000,0
"2026-06-10","INV/2026/06/0142","Puji Sayur dan Buah Bumbu","Totole Kaldu Jamur",2,"kg",121000,242000,0
"2026-06-10","INV/2026/06/0143","Rom Sembako","Ketumbar Bubuk 250gr",1,"pcs",20000,20000,0
"2026-06-10","INV/2026/06/0143","Rom Sembako","Garam Kapal",8,"pcs",1750,14000,0
"2026-06-10","INV/2026/06/0143","Rom Sembako","Bawang Putih Bubuk 250gr",2,"pcs",40000,80000,0
"2026-06-10","INV/2026/06/0143","Rom Sembako","Tepung Panir",10,"kg",17500,175000,0
"2026-06-10","INV/2026/06/0143","Rom Sembako","Saori Saos Tiram",3,"liter",60000,180000,0
"2026-06-11","INV/2026/06/0144","Muchsieun Gas","Gas Pink",8,"tabung",230000,1840000,0
"2026-06-11","INV/2026/06/0144","Tedy Telur","Telur Ayam",145.5,"Pcs",23600,3433800,0
"2026-06-11","INV/2026/06/0145","Yosua Buah","Jeruk Siem",274,"kg",14000,3836000,0
"2026-06-11","INV/2026/06/0146","Lailita Ngasem","Thinwall 200ml",1,"pack",24000,24000,0
"2026-06-11","INV/2026/06/0146","Lailita Ngasem","Bawang Merah",4,"kg",44000,176000,0
"2026-06-11","INV/2026/06/0147","Rom Sembako","Kecap Manis Sawi 15kg",8,"pcs",38000,304000,0
"2026-06-11","INV/2026/06/0147","Rom Sembako","Gula Pasir",5,"kg",16600,83000,0
"2026-06-11","INV/2026/06/0147","Rom Sembako","Gula Merah",9,"kg",13000,117000,0
"2026-06-11","INV/2026/06/0147","Rom Sembako","Teh Celup Sari Wangi",2,"pack",6000,12000,0
"2026-06-11","INV/2026/06/0147","Rom Sembako","Garam Kapal",8,"pcs",1750,14000,0
"2026-06-11","INV/2026/06/0148","Rom Sembako","Garam Halus",1,"ball",35000,35000,0
"2026-06-11","INV/2026/06/0148","Rom Sembako","Gula Putih",20,"kg",16600,332000,0
"2026-06-11","INV/2026/06/0148","Rom Sembako","Ajinomoto",1,"kg",50000,50000,0
"2026-06-11","INV/2026/06/0149","Siera Grosir Susu","Susu Frisian Flag",4,"karton",115000,460000,0
"2026-06-11","INV/2026/06/0150","Puji Sayur dan Buah Bumbu","Knorr Chicken",5,"kg",101000,505000,0
"2026-06-11","INV/2026/06/0150","Puji Sayur dan Buah Bumbu","Totole Kaldu Jamur",2,"kg",121000,242000,0
"2026-06-11","INV/2026/06/0150","Puji Sayur dan Buah Bumbu","Saori Saos Tiram",3,"liter",55000,165000,0
"2026-06-11","INV/2026/06/0151","Puji Sayur dan Buah Bumbu","Madras Curry Powder 250gr",6,"botol",25000,150000,0
"2026-06-11","INV/2026/06/0151","Puji Sayur dan Buah Bumbu","Knorr Rostip",1,"kg",72000,72000,0
"2026-06-17","INV/2026/06/0152","Puji Sayur dan Buah Bumbu","Asam Jawa",1,"kg",45000,45000,0
"2026-06-17","INV/2026/06/0152","Puji Sayur dan Buah Bumbu","Terasi Udang 250gr",4,"pcs",13000,52000,0
"2026-06-17","INV/2026/06/0152","Puji Sayur dan Buah Bumbu","Knorr Rostip",1,"kg",72000,72000,0
"2026-06-17","INV/2026/06/0152","Puji Sayur dan Buah Bumbu","Saos Sambal Del Monte",1,"jirigen",123000,123000,0
"2026-06-17","INV/2026/06/0152","Puji Sayur dan Buah Bumbu","Saos Tiram",2,"liter",55000,110000,0
"2026-06-17","INV/2026/06/0153","Puji Sayur dan Buah Bumbu","Knoor chicken",2,"kg",101000,202000,0
"2026-06-17","INV/2026/06/0153","Puji Sayur dan Buah Bumbu","Totole ",2,"kg",121000,242000,0
"2026-06-17","INV/2026/06/0153","Puji Sayur dan Buah Bumbu","Bawang putih bubuk 250gr",1,"Pcs",46000,46000,0
"2026-06-16","INV/2026/06/0154","Ida Minyak","Minyak Goreng",50,"liter",18500,925000,0
"2026-06-16","INV/2026/06/0155","Ida Minyak","Minyak Goreng",20,"liter",18500,370000,0
"2026-06-17","INV/2026/06/0156","Ida Minyak","Minyak",60,"ltr",18500,1110000,0
"2026-06-17","INV/2026/06/0157","Ida Minyak","Minyak",40,"ltr",18500,740000,0
"2026-06-17","INV/2026/06/0158","Rom Sembako","Ajinomoto",1,"kg",50000,50000,0
"2026-06-17","INV/2026/06/0159","Rom Sembako","Ladaku bubuk 1/4",1,"Pcs",100000,100000,0
"2026-06-17","INV/2026/06/0159","Rom Sembako","Kecap manis sawi refil 1,5kg",10,"Pcs",38000,380000,0
"2026-06-17","INV/2026/06/0159","Rom Sembako","Kunyit bubuk 1/4",1,"Pcs",45000,45000,0
"2026-06-17","INV/2026/06/0159","Rom Sembako","Gulo tebu",4,"kg",13000,52000,0
"2026-06-17","INV/2026/06/0159","Rom Sembako","Ketumbar bubuk 1/4",1,"Pcs",20000,20000,0
"2026-06-17","INV/2026/06/0159","Rom Sembako","Tepung terigu",5,"kg",9300,46500,0
"2026-06-17","INV/2026/06/0159","Rom Sembako","Tepung panir",10,"kg",17500,175000,0
"2026-06-17","INV/2026/06/0159","Rom Sembako","Desaku marinasi",2,"rtg",10000,20000,0
"2026-06-17","INV/2026/06/0160","Muchsieun Gas","Gas pink",5,"tbg",230000,1150000,0
"2026-06-17","INV/2026/06/0161","April Tahu","Tahu putih besar",1000,"Pcs",1000,1000000,0
"2026-06-17","INV/2026/06/0162","Yosua Buah","Melon",262,"kg",11500,3013000,0
"2026-06-17","INV/2026/06/0163","Yosua Buah","Anggur Muscat",19,"krat",445000,8455000,0
"2026-06-17","INV/2026/06/0164","Sumber Biru Unggas","Ayam fillet",151.79,"kg",40000,6071600,0
"2026-06-17","INV/2026/06/0165","Rudi Beras","Beras",110,"kg",14000,1540000,0
"2026-06-17","INV/2026/06/0166","Rudi Beras","Beras",110,"kg",14000,1540000,0
"2026-06-17","INV/2026/06/0167","Tedy Telur","Telur ayam",80,"kg",23500,1880000,0
"2026-06-17","INV/2026/06/0168","Tedy Telur","Telur Ayam",1,"kg",23500,23500,0
"2026-06-17","INV/2026/06/0169","Yuyun Pagu","Tahu besar",200,"biji",1200,240000,0
"2026-06-17","INV/2026/06/0169","Yuyun Pagu","Tahu kecil",1200,"biji",800,960000,0
"2026-06-17","INV/2026/06/0169","Yuyun Pagu","Telur ayam",6,"kg",27000,162000,0
"2026-06-17","INV/2026/06/0169","Yuyun Pagu","Tahu putih",50,"biji",1500,75000,0
"2026-06-17","INV/2026/06/0169","Yuyun Pagu","Kunyit bubuk",10,"rtg",10000,100000,0
"2026-06-17","INV/2026/06/0169","Yuyun Pagu","Bawang bombay",5,"kg",37000,185000,0
"2026-06-17","INV/2026/06/0169","Yuyun Pagu","Tepung tapioka",7,"kg",10000,70000,0
"2026-06-17","INV/2026/06/0170","Lailita Ngasem","Tempe",95,"Pcs",12000,1140000,0
"2026-06-16","INV/2026/06/0171","Yeni Ayam","Ayam Cut 10",224,"kg",32000,7168000,0
"2026-06-16","INV/2026/06/0172","Rom Sembako","Kunyit Bubuk 250gr",2,"pack",45000,90000,0
"2026-06-16","INV/2026/06/0172","Rom Sembako","Ajinomoto",1,"kg",50000,50000,0
"2026-06-16","INV/2026/06/0172","Rom Sembako","Garam",1,"ball",35000,35000,0
"2026-06-16","INV/2026/06/0172","Rom Sembako","Gula",20,"kg",16500,330000,0
"2026-06-16","INV/2026/06/0173","Rom Sembako","Teh Celup Sariwangi",2,"pack",6000,12000,0
"2026-06-16","INV/2026/06/0173","Rom Sembako","Kecap Manis Sawi 15kg",7,"pcs",38000,266000,0
"2026-06-16","INV/2026/06/0173","Rom Sembako","Garam Kapal",5,"pcs",1800,9000,0
"2026-06-16","INV/2026/06/0173","Rom Sembako","Gula Pasir",5,"kg",16600,83000,0
"2026-06-16","INV/2026/06/0173","Rom Sembako","Ladaku Merica Bubuk 250gr",1,"pcs",100000,100000,0
"2026-06-16","INV/2026/06/0173","Rom Sembako","Tusuk Sate",12,"pack",14000,168000,0
"2026-06-16","INV/2026/06/0174","Puji Sayur dan Buah Bumbu","Saos Tomat Delmonte 67kg",1,"jirigen",102000,102000,0
"2026-06-16","INV/2026/06/0174","Puji Sayur dan Buah Bumbu","Knorr Rostip",1,"kg",75000,75000,0
"2026-06-18","INV/2026/06/0175","Puji Sayur dan Buah Bumbu","Knorr Chicken",5,"kg",101000,505000,0
"2026-06-18","INV/2026/06/0175","Puji Sayur dan Buah Bumbu","Totole Kaldu Jamur",1,"kg",121000,121000,0
"2026-06-18","INV/2026/06/0176","Supplier Roti Burger","Roti Bun",2140,"Pcs",1650,3531000,0
"2026-06-18","INV/2026/06/0177","Rom Sembako","Mentega Bluben",3,"kg",34000,102000,0
"2026-06-18","INV/2026/06/0177","Rom Sembako","Maizena",3,"kg",13500,40500,0
"2026-06-18","INV/2026/06/0178","Muchsieun Gas","Gas pink",3,"tbg",230000,690000,0
"2026-06-18","INV/2026/06/0179","Puji Sayur dan Buah Bumbu","Bumbu tabur rasa keju",20,"Pcs",8500,170000,0
"2026-06-18","INV/2026/06/0179","Puji Sayur dan Buah Bumbu","Susu UHT 1l",24,"ltr",21000,504000,0
"2026-06-18","INV/2026/06/0179","Puji Sayur dan Buah Bumbu","Keju Spready 160g",15,"Pcs",14000,210000,0
"2026-06-18","INV/2026/06/0180","Siera Grosir Susu","Susu FF",60,"krt",114000,6840000,0
"2026-06-18","INV/2026/06/0181","Yuyun Pagu","Selada",18,"kg",35000,630000,0
"2026-06-18","INV/2026/06/0181","Yuyun Pagu","Royco ayam",5,"Pcs",10000,50000,0
"2026-06-18","INV/2026/06/0182","Rudi Beras","Beras",80,"kg",14000,1120000,0
"2026-06-18","INV/2026/06/0183","Tedy Telur","Telur Ayam",139.5,"kg",23500,3278250,0
"2026-06-18","INV/2026/06/0184","Rom Sembako","Tepung terigu",10,"kg",9300,93000,0
"2026-06-18","INV/2026/06/0184","Rom Sembako","Tepung maizena",6,"kg",13500,81000,0
"2026-06-18","INV/2026/06/0184","Rom Sembako","Ketumbar bubuk 250gr",1,"Pcs",20000,20000,0
"2026-06-18","INV/2026/06/0184","Rom Sembako","Ladaku Bubuk 250gr",1,"Pcs",100000,100000,0
"2026-06-18","INV/2026/06/0184","Rom Sembako","garam",4,"pcs",1750,7000,0
"2026-06-18","INV/2026/06/0184","Rom Sembako","gula tebu",6,"kg",13000,78000,0
"2026-06-18","INV/2026/06/0184","Rom Sembako","Teh kotak sariwangi",4,"biji",6000,24000,0
"2026-06-18","INV/2026/06/0185","Ida Minyak","Minyak goreng",80,"ltr",18500,1480000,0
"2026-06-18","INV/2026/06/0186","Bayu Pisang Cavendish Kuning","Pisang Cavendish kuning",2550,"Pcs",1800,4590000,0
"2026-06-18","INV/2026/06/0187","Puji Sayur dan Buah Bumbu","Knoor chicken",4,"kg",101000,404000,0
"2026-06-18","INV/2026/06/0187","Puji Sayur dan Buah Bumbu","totole",2,"kg",121000,242000,0
"2026-06-18","INV/2026/06/0187","Puji Sayur dan Buah Bumbu","Kecap manis sawi1,5kg",7,"Pcs",40000,280000,0
"2026-06-18","INV/2026/06/0187","Puji Sayur dan Buah Bumbu","Bawang putih bubuk 250gr",2,"Pcs",46000,92000,0
"2026-06-18","INV/2026/06/0188","Lailita Ngasem","Tempe",79,"Pcs",12000,948000,0
"2026-07-12","INV/2026/07/0189","Rom Sembako","Garam",15,"Pcs",1750,26250,0
"2026-07-12","INV/2026/07/0189","Rom Sembako","Gula",15,"Kg",16300,244500,0
"2026-07-12","INV/2026/07/0189","Rom Sembako","Tepung Maizena",10,"Kg",13500,135000,0
"2026-07-12","INV/2026/07/0189","Rom Sembako","Ladaku putih bubuk 1/4",2,"Pcs",100000,200000,0
"2026-07-12","INV/2026/07/0189","Rom Sembako","Ladaku hitam bubuk 1/4",2,"Pcs",100000,200000,0
"2026-07-12","INV/2026/07/0190","April Tahu","Tahu ",720,"Pcs",1000,720000,0
"2026-07-12","INV/2026/07/0191","Muchsieun Gas","Gas ",11,"Tbg",230000,2530000,0
"2026-07-12","INV/2026/07/0192","Rudi Beras","Beras",175,"Kg",14200,2485000,0
"2026-07-12","INV/2026/07/0193","Ida Minyak","Minyak",80,"Ltr",18500,1480000,0
"2026-07-12","INV/2026/07/0193","Ida Minyak","Kurangan bayar minyak",1,"Ltr",53000,53000,0
"2026-07-12","INV/2026/07/0194","Puji Sayur dan Buah Bumbu","Kecap inggris",3,"Btl",51000,153000,0
"2026-07-12","INV/2026/07/0194","Puji Sayur dan Buah Bumbu","Saos tomat delmontd",1,"Jrg",102000,102000,0
"2026-07-12","INV/2026/07/0194","Puji Sayur dan Buah Bumbu","Saori 1 ltr",3,"Btl",55000,165000,0
"2026-07-12","INV/2026/07/0194","Puji Sayur dan Buah Bumbu","Kecap sawi",1,"Jrg",168000,168000,0
"2026-07-12","INV/2026/07/0194","Puji Sayur dan Buah Bumbu","Ladaku hitam btol",24,"Btl",16000,384000,0
"2026-07-12","INV/2026/07/0194","Puji Sayur dan Buah Bumbu","Ajinomoto chicken powder",2,"Kg",73000,146000,0
"2026-07-12","INV/2026/07/0195","Yosua Buah","Pisang cavendish kuning",800,"Buah",2100,1680000,0
"2026-07-12","INV/2026/07/0195","Yosua Buah","Jeruk siem",77,"Kg",14500,1116500,0
"2026-07-12","INV/2026/07/0195","Yosua Buah","Jeruk santang malang",360,"Kg",15500,5580000,0
"2026-07-12","INV/2026/07/0196","Sumber Biru Unggas","Ayam fillet",145.6,"Kg",43000,6260800,0
"2026-07-12","INV/2026/07/0197","Shela Rahma Azizah Tugurejo","MINYAK",18,"KG",21000,378000,0
"2026-07-12","INV/2026/07/0197","Shela Rahma Azizah Tugurejo","TAHU",145,"Pcs",1000,145000,0
"2026-07-13","INV/2026/07/0198","Rudi Beras","BERAS ( TUGUREJO)",130,"KG",14100,1833000,0
"2026-07-13","INV/2026/07/0198","Rudi Beras","BERAS ( PAGU)",130,"KG",14100,1833000,0
"2026-07-13","INV/2026/07/0199","Tedy Telur","TELUR (TUGUREJO)",190,"KG",22300,4237000,0
"2026-07-13","INV/2026/07/0200","Puji Sayur dan Buah Bumbu","KECAP IKAN ( TUGUREJO)",1,"btl",30000,30000,0
"2026-07-13","INV/2026/07/0200","Puji Sayur dan Buah Bumbu","CHICKEN POWDER (TUGUREJO)",3,"KG",73000,219000,0
"2026-07-13","INV/2026/07/0200","Puji Sayur dan Buah Bumbu","SAORI ( TUGUREJO)",3,"BTL",55000,165000,0
"2026-07-13","INV/2026/07/0200","Puji Sayur dan Buah Bumbu","SAOS RAJA RASA KENARI ( TUGUREJO)",2,"BTL",39000,78000,0
"2026-07-13","INV/2026/07/0200","Puji Sayur dan Buah Bumbu","SAOS TOMAT DELMONTE (PAGU)",5,"POUCH",20000,100000,0
"2026-07-13","INV/2026/07/0200","Puji Sayur dan Buah Bumbu","KNOOR ROSTIP ( PAGU)",2,"KG",75000,150000,0
"2026-07-13","INV/2026/07/0201","Rom Sembako","GULA MERAH (TUGUREJO)",3,"KG",13000,39000,0
"2026-07-13","INV/2026/07/0201","Rom Sembako","GARAM ( TUGUREJO)",10,"Pcs",1750,17500,0
"2026-07-13","INV/2026/07/0201","Rom Sembako","GULA PUTIH (TUGUREJO)",6,"KG",16300,97800,0
"2026-07-13","INV/2026/07/0201","Rom Sembako","BLUBEN ( TUGUREJO)",2,"KG",34000,68000,0
"2026-07-13","INV/2026/07/0201","Rom Sembako","KUNYIT BUBUK ( PAGU)",1,"KG",180000,180000,0
"2026-07-13","INV/2026/07/0201","Rom Sembako","GARAM ( PAGU)",1,"BAL",35000,35000,0
"2026-07-13","INV/2026/07/0201","Rom Sembako","KECAP SAWI REFIL (PAGU)",3,"Pcs",38500,115500,0
"2026-07-13","INV/2026/07/0202","Ida Minyak","MINYAK (PAGU)",120,"LTR",18500,2220000,0
"2026-07-13","INV/2026/07/0202","Ida Minyak","MINYAK (TUGUREJO)",30,"LTR",18500,555000,0
"2026-07-13","INV/2026/07/0203","Yosua Buah","MELON SAKATA (PAGU)",200,"KG",15000,3000000,0
"2026-07-13","INV/2026/07/0203","Yosua Buah","SEMANGKA (TUGUREJO)",270,"KG",11500,3105000,0
"2026-07-13","INV/2026/07/0204","Anto Tempe","TEMPE (PAGU)",256,"Pcs",5000,1280000,0
"2026-07-13","INV/2026/07/0204","Anto Tempe","TEMPE (TUGUREJO)",191,"Pcs",5000,955000,0
"2026-07-13","INV/2026/07/0205","Siera Grosir Susu","SUSU (TUGUREJO)",80,"KRT",113000,9040000,0
"2026-07-13","INV/2026/07/0206","Yeni Ayam","AYAM KARKAS (PAGU)",260,"KG",34000,8840000,0
"2026-07-13","INV/2026/07/0207","Muchsieun Gas","GAS (TUGUREJO)",5,"TBG",230000,1150000,0
"2026-07-13","INV/2026/07/0208","Shela Rahma Azizah Tugurejo","minyak",20,"ltr",21000,420000,0
"2026-07-13","INV/2026/07/0209","Yuyun Pagu","MELON",10,"KG",16500,165000,0
"2026-07-13","INV/2026/07/0209","Yuyun Pagu","SELADA",24,"KG",31000,744000,0
"2026-07-14","INV/2026/07/0210","Rudi Beras","BERAS  ( PAGU)",130,"KG",14100,1833000,0
"2026-07-14","INV/2026/07/0210","Rudi Beras","BERAS (TUGUREJO)",175,"KG",14100,2467500,0
"2026-07-14","INV/2026/07/0211","Puji Sayur dan Buah Bumbu","BUMBU RENDANG (PAGU)",10,"Pcs",8000,80000,0
"2026-07-14","INV/2026/07/0211","Puji Sayur dan Buah Bumbu","KNOOR (PAGU)",1,"KG",101000,101000,0
"2026-07-14","INV/2026/07/0211","Puji Sayur dan Buah Bumbu","SANTAN CAIR 1 LTR (PAGU)",4,"LTR",68000,272000,0
"2026-07-14","INV/2026/07/0211","Puji Sayur dan Buah Bumbu","SAORI ( TUGUREJO)",2,"BTL",55000,110000,0
"2026-07-14","INV/2026/07/0211","Puji Sayur dan Buah Bumbu","CHICKEN POWDER ( TUGUREJO",4,"KG",75000,300000,0
"2026-07-14","INV/2026/07/0211","Puji Sayur dan Buah Bumbu","SAOS DELMONTE BBQ (TUGUREJO)",4,"KG",37000,148000,0
"2026-07-14","INV/2026/07/0211","Puji Sayur dan Buah Bumbu","SAOS TOMAT DELMONTE (TUGUREJO)",1,"JRG",102000,102000,0
"2026-07-14","INV/2026/07/0211","Puji Sayur dan Buah Bumbu","KECAP INGGRIS (TUGUREJO)",2,"BTL",51000,102000,0
"2026-07-14","INV/2026/07/0212","Rom Sembako","BLUBEN (TUGUREJO)",3,"KG",34000,102000,0
"2026-07-14","INV/2026/07/0212","Rom Sembako","TEPUNG TERIGU (TUGUREJO)",1,"SAK",218000,218000,0
"2026-07-14","INV/2026/07/0212","Rom Sembako","TEPUNG MAIZENA ( TUGUREJO)",30,"KG",13600,408000,0
"2026-07-14","INV/2026/07/0212","Rom Sembako","GULA MERAH ( TUGUREJO)",3,"KG",13000,39000,0
"2026-07-14","INV/2026/07/0212","Rom Sembako","GARAM ( TUGUREJO)",1,"BAL",35000,35000,0
"2026-07-14","INV/2026/07/0212","Rom Sembako","GULA PUTIH ( TUGUREJO)",5,"KG",16400,82000,0
"2026-07-14","INV/2026/07/0212","Rom Sembako","GULA MERAH ( PAGU)",3,"KG",13000,39000,0
"2026-07-14","INV/2026/07/0212","Rom Sembako","AJINOMOTO (PAGU)",1,"KG",50000,50000,0
"2026-07-14","INV/2026/07/0213","Ida Minyak","MINYAK (PAGU)",20,"LTR",18500,370000,0
"2026-07-14","INV/2026/07/0213","Ida Minyak","MINYAK ( TUGUREJO)",80,"LTR",18500,1480000,0
"2026-07-14","INV/2026/07/0214","Siera Grosir Susu","SUSU FF (PAGU)",73,"KRT",113000,8249000,0
"2026-07-14","INV/2026/07/0214","Siera Grosir Susu","SUSU FF (TUGUREJO)",16,"KRT",113000,1808000,0
"2026-07-14","INV/2026/07/0215","April Tahu","TAHU (TUGUREJO)",800,"Pcs",1000,800000,0
"2026-07-14","INV/2026/07/0216","Sumber Biru Unggas","AYAM SAYAP (TUGUREJO)",370.3,"KG",30000,11109000,0
"2026-07-14","INV/2026/07/0217","Yosua Buah","PISANG HIJAU (TUGUREJO)",300,"Pcs",1600,480000,0
"2026-07-14","INV/2026/07/0217","Yosua Buah","JERUK WOGAM ( TUGUREJO)",12,"KRAT",205000,2460000,0
"2026-07-14","INV/2026/07/0217","Yosua Buah","MELON",300,"KG",15500,4650000,0
"2026-07-14","INV/2026/07/0218","Yuyun Pagu","TELUR PUYUH",120,"KG",29000,3480000,0
"2026-07-14","INV/2026/07/0218","Yuyun Pagu","KECAP ASIN 140 ML",3,"Pcs",8000,24000,0
"2026-07-14","INV/2026/07/0218","Yuyun Pagu","SAWI PUTIH",12,"KG",8500,102000,0
"2026-07-14","INV/2026/07/0218","Yuyun Pagu","GUBIS",8,"KG",8000,64000,0
"2026-07-14","INV/2026/07/0219","Shela Rahma Azizah Tugurejo","PLASTIK",20,"PAX",5000,100000,0
"2026-07-15","INV/2026/07/0220","Rudi Beras","BERAS (PAGU)",130,"KG",14100,1833000,0
"2026-07-15","INV/2026/07/0220","Rudi Beras","BERAS (TUGUREJO)",130,"KG",14100,1833000,0
"2026-07-15","INV/2026/07/0221","Rom Sembako","GARAM (PAGU)",1,"BAL",35000,35000,0
"2026-07-15","INV/2026/07/0221","Rom Sembako","AJINOMOTO (PAGU)",1,"KG",50000,50000,0
"2026-07-15","INV/2026/07/0221","Rom Sembako","KUNYIT BUBUK (PAGU)",4,"Pcs",45000,180000,0
"2026-07-15","INV/2026/07/0221","Rom Sembako","TEPUNG TERIGU (PAGU)",5,"KG",46500,232500,0
"2026-07-15","INV/2026/07/0221","Rom Sembako","GARAM (TUGUREJO)",15,"Pcs",1800,27000,0
"2026-07-15","INV/2026/07/0221","Rom Sembako","mentega (tugurejo)",5,"KG",34000,170000,0
"2026-07-15","INV/2026/07/0221","Rom Sembako","TEPUNG CAKRA (TUGUREJO)",1,"SAK",223000,223000,0
"2026-07-15","INV/2026/07/0222","Ida Minyak","MINYAK (PAGU)",40,"LTR",18500,740000,0
"2026-07-15","INV/2026/07/0222","Ida Minyak","MINYAK (TUGUREJO)",50,"LTR",18500,925000,0
"2026-07-15","INV/2026/07/0224","Anto Tempe","TEMPE (PAGU)",260,"Pcs",5000,1300000,0
"2026-07-15","INV/2026/07/0224","Anto Tempe","TEMPE (TUGUREJO)",160,"PCS",5000,800000,0
"2026-07-15","INV/2026/07/0225","Muchsieun Gas","GAS (PAGU)",10,"TBG",230000,2300000,0
"2026-07-15","INV/2026/07/0225","Muchsieun Gas","GAS (TUGUREJO)",8,"tbg",230000,1840000,0
"2026-07-15","INV/2026/07/0226","Puji Sayur dan Buah Bumbu","SAORI (TUGUREJO)",2,"BTL",55000,110000,0
"2026-07-15","INV/2026/07/0226","Puji Sayur dan Buah Bumbu","CHICKEN POWDER ( TUGUREJO)",3,"KG",75000,225000,0
"2026-07-15","INV/2026/07/0226","Puji Sayur dan Buah Bumbu","KECAP SAMHAP (TUGUREJO)",3,"BTL",26000,78000,0
"2026-07-15","INV/2026/07/0226","Puji Sayur dan Buah Bumbu","NANAS ( TUGUREJO)",1,"BUAH",5000,5000,0
"2026-07-15","INV/2026/07/0226","Puji Sayur dan Buah Bumbu","KNOOR ROSTIP ( PAGU)",1,"KG",75000,75000,0
"2026-07-15","INV/2026/07/0226","Puji Sayur dan Buah Bumbu","CUKA ( PAGU)",10,"BTL",5000,50000,0
"2026-07-15","INV/2026/07/0227","Tedy Telur","TELUR (TUGUREJO)",190,"KG",23500,4465000,0
"2026-07-15","INV/2026/07/0228","Sumber Biru Unggas","AYAM CUT 10 (PAGU)",263.06,"KG",33000,8680980,0
"2026-07-15","INV/2026/07/0229","Yosua Buah","SEMANGKA (PAGU)",392,"KG",12500,4900000,0
"2026-07-15","INV/2026/07/0229","Yosua Buah","ANGGUR CHINA (TUGUREJO)",13,"KRAT",329999,4289987,0
"2026-07-15","INV/2026/07/0230","Siera Grosir Susu","SUSU FF (TUGUREJO)",61,"KRT",113000,6893000,0
"2026-07-15","INV/2026/07/0231","Shela Rahma Azizah Tugurejo","MINYAK",10,"LTR",21000,210000,0
"2026-07-15","INV/2026/07/0232","Yuyun Pagu","AYAM POTONG",20,"KG",33000,660000,0
"2026-07-16","INV/2026/07/0233","Rudi Beras","BERAS (PAGU)",130,"KG",14100,1833000,0
"2026-07-16","INV/2026/07/0233","Rudi Beras","BERAS (TUGUREJO)",140,"KG",14100,1974000,0
"2026-07-16","INV/2026/07/0234","Puji Sayur dan Buah Bumbu","KECAP MANIS (PAGU)",1,"JRG",168000,168000,0
"2026-07-16","INV/2026/07/0234","Puji Sayur dan Buah Bumbu","SAORI (TUGUREJO)",2,"BTL",55000,110000,0
"2026-07-16","INV/2026/07/0234","Puji Sayur dan Buah Bumbu","CHICKEN POWDER (TUGUREJO)",3,"KG",75000,225000,0
"2026-07-16","INV/2026/07/0234","Puji Sayur dan Buah Bumbu","KECAP MANIS (TUGUREJO)",1,"JRG",168000,168000,0
"2026-07-16","INV/2026/07/0235","Ida Minyak","MINYAK (PAGU)",20,"LTR",18500,370000,0
"2026-07-16","INV/2026/07/0235","Ida Minyak","MINYAK (TUGUREJO)",80,"LTR",18500,1480000,0
"2026-07-16","INV/2026/07/0236","Anto Tempe","TEMPE (PAGU)",256,"Pcs",5000,1280000,0
"2026-07-16","INV/2026/07/0237","Siera Grosir Susu","SUSU FF (PAGU)",66,"KRT",113000,7458000,0
"2026-07-16","INV/2026/07/0238","Muchsieun Gas","GAS (PAGU)",3,"TBG",230000,690000,0
"2026-07-16","INV/2026/07/0238","Muchsieun Gas","GAS (TUGUREJO)",7,"TBG",230000,1610000,0
"2026-07-16","INV/2026/07/0239","April Tahu","TAHU (TUGUREJO)",590,"BIJI",1000,590000,0
"2026-07-16","INV/2026/07/0240","Rom Sembako","MENTEGA (TUGUREJO)",3,"KG",34000,102000,0
"2026-07-16","INV/2026/07/0240","Rom Sembako","GARAM (TUGUREJO)",15,"Pcs",1750,26250,0
"2026-07-16","INV/2026/07/0241","Yosua Buah","JERUK SIEM (TUGUREJO)",358,"KG",15000,5370000,0
"2026-07-16","INV/2026/07/0241","Sumber Biru Unggas","DRUM STICK (TUGUREJO)",299.7,"KG",35000,10489500,0
"2026-07-16","INV/2026/07/0242","Ida Minyak","MINYAK (PAGU)",40,"LTR",18500,740000,0
"2026-07-16","INV/2026/07/0243","Yuyun Pagu","MASAKO",4,"Pcs",10000,40000,0
"2026-07-16","INV/2026/07/0243","Yuyun Pagu","AJINOMOTO",1,"Pcs",40000,40000,0
"2026-07-16","INV/2026/07/0243","Yuyun Pagu","BAWANG MERAH 1/4KG",1,"BKS",10000,10000,0
"2026-07-16","INV/2026/07/0244","Shela Rahma Azizah Tugurejo","ayam potong ",47,"kg",33000,1551000,0
"2026-07-16","INV/2026/07/0244","Shela Rahma Azizah Tugurejo","tahu",210,"biji",1000,210000,0
"2026-07-18","INV/2026/07/0245","Lala Koperasi","BELANJA OPERASIONAL DAPUR",1,"Pcs",7000000,7000000,0
"2026-07-19","INV/2026/07/0250","Rudi Beras","BERAS (PAGU)",115,"KG",14100,1621500,0
"2026-07-19","INV/2026/07/0250","Rudi Beras","BERAS ( TUGUREJO)",150,"KG",14100,2115000,0
"2026-07-19","INV/2026/07/0250","Rudi Beras","BERAS (NGASEM)",75,"KG",14100,1057500,0
"2026-07-19","INV/2026/07/0251","Rom Sembako","GULA MERAH (TUGUREJO)",5,"KG",13000,65000,0
"2026-07-19","INV/2026/07/0251","Rom Sembako","GULA PASIR (TUGUREJO)",10,"KG",16300,163000,0
"2026-07-19","INV/2026/07/0251","Rom Sembako","GARAM (TUGUREJO)",15,"Pcs",1750,26250,0
"2026-07-19","INV/2026/07/0251","Rom Sembako","TEPUNG TERIGU (PAGU)",1,"KRG",218000,218000,0
"2026-07-19","INV/2026/07/0251","Rom Sembako","TEPUNG TAPIOKA (PAGU)",1,"KRG",325000,325000,0
"2026-07-19","INV/2026/07/0251","Rom Sembako","TEPUNG MAIZENA ( PAGU)",1,"KG",34000,34000,0
"2026-07-19","INV/2026/07/0251","Rom Sembako","BLUBEN (PAGU)",4,"KG",34000,136000,0
"2026-07-19","INV/2026/07/0251","Rom Sembako","AJINOMOTO (PAGU)",1,"KG",50000,50000,0
"2026-07-19","INV/2026/07/0252","Ida Minyak","MINYAK (TUGUREJO)",50,"LTR",18500,925000,0
"2026-07-19","INV/2026/07/0252","Ida Minyak","MINYAK (NGASEM)",40,"LTR",18500,740000,0
"2026-07-19","INV/2026/07/0252","Ida Minyak","MINYAK (PAGU)",140,"LTR",18500,2590000,0
"2026-07-19","INV/2026/07/0253","Sumber Biru Unggas","AYAM FILLET (PAGU)",153.57,"KG",43000,6603510,0
"2026-07-19","INV/2026/07/0254","Yosua Buah","ANGGUR CHINA (TUGUREJO)",11,"KRAT",330000,3630000,0
"2026-07-19","INV/2026/07/0254","Yosua Buah","BUAH NAGA (PAGU)",249,"KG",21500,5353500,0
"2026-07-19","INV/2026/07/0254","Yosua Buah","JERUK SIEM ( NGASEM)",280,"KG",16000,4480000,0
"2026-07-19","INV/2026/07/0254","Yosua Buah","SUSU FF (TUGUREJO)",76,"KRT",110000,8360000,0
"2026-07-19","INV/2026/07/0255","April Tahu","TAHU PUTIH (PAGU)",2128,"Pcs",1000,2128000,0
"2026-07-19","INV/2026/07/0255","April Tahu","TAHU PUTIH (TUGUREJO)",720,"Pcs",1000,720000,0
"2026-07-19","INV/2026/07/0256","Muchsieun Gas","GAS (PAGU)",6,"TBG",230000,1380000,0
"2026-07-19","INV/2026/07/0257","Tedy Telur","TELUR (TUGUREJO)",187,"KG",23800,4450600,0
"2026-07-19","INV/2026/07/0257","Tedy Telur","TELUR (NGASEM)",140,"KG",23800,3332000,0
"2026-07-19","INV/2026/07/0258","Puji Sayur dan Buah Bumbu","LNP SAOS (PAGU)",2,"BTL",76000,152000,0
"2026-07-19","INV/2026/07/0258","Puji Sayur dan Buah Bumbu","MAGGI SEASONING (PAGU)",1,"BTL",35000,35000,0
"2026-07-19","INV/2026/07/0258","Puji Sayur dan Buah Bumbu","KNOOR ROSTIP (PAGU)",2,"KG",75000,150000,0
"2026-07-19","INV/2026/07/0258","Puji Sayur dan Buah Bumbu","SAOS SAMBAL DELMONTE (PAGU)",2,"Pcs",27000,54000,0
"2026-07-19","INV/2026/07/0258","Puji Sayur dan Buah Bumbu","SAOS  TOMAT DELMONTE (PAGU",2,"Pcs",20000,40000,0
"2026-07-19","INV/2026/07/0258","Puji Sayur dan Buah Bumbu","FIBER CREAM (NGASEM)",1,"KG",118000,118000,0
"2026-07-19","INV/2026/07/0258","Puji Sayur dan Buah Bumbu","SAORI (NGASEM)",5,"BTL",55000,275000,0
"2026-07-19","INV/2026/07/0258","Puji Sayur dan Buah Bumbu","BUNGA TELANG (TUGUREJO)",5,"PAX",28000,140000,0
"2026-07-19","INV/2026/07/0258","Puji Sayur dan Buah Bumbu","KECAP SAWI (TUGUREJO)",1,"JRG",168000,168000,0
"2026-07-19","INV/2026/07/0258","Puji Sayur dan Buah Bumbu","CHICKEN POWDER ( TUGUREJO)",4,"KG",75000,300000,0
"2026-07-19","INV/2026/07/0259","Lailita Ngasem","TEMPE",79,"Pcs",12000,948000,0
"2026-07-19","INV/2026/07/0260","Shela Rahma Azizah Tugurejo","TAHU",410,"Pcs",1000,410000,0
"2026-07-19","INV/2026/07/0260","Shela Rahma Azizah Tugurejo","GALON AKEO",7,"GLN",21000,147000,0
"2026-07-19","INV/2026/07/0260","Shela Rahma Azizah Tugurejo","GALON LEE MINERAL",1,"GLN",23000,23000,0
"2026-07-19","INV/2026/07/0261","Yuyun Pagu","ROIKO 1/4",2,"Pcs",9500,19000,0
"2026-07-19","INV/2026/07/0261","Yuyun Pagu","TEPUNG COKRO",15,"KG",9400,141000,0
"2026-07-19","INV/2026/07/0261","Yuyun Pagu","TELUR 1/4KG",1,"BKS",13000,13000,0
"2026-07-19","INV/2026/07/0261","Yuyun Pagu","BAKING SODA",10,"Pcs",2000,20000,0
"2026-07-20","INV/2026/07/0259","Rudi Beras","BERAS (TUGUREJO)",175,"KG",14100,2467500,0
"2026-07-20","INV/2026/07/0259","Rudi Beras","BERAS (TUGUREJO)",100,"KG",14100,1410000,0
"2026-07-20","INV/2026/07/0259","Rudi Beras","BERAS (PAGU)",130,"KG",14100,1833000,0
"2026-07-20","INV/2026/07/0260","Ida Minyak","MINYAK ( PAGU)",20,"LTR",18500,370000,0
"2026-07-20","INV/2026/07/0260","Ida Minyak","MINYAK (NGASEM)",70,"LTR",18500,1295000,0
"2026-07-20","INV/2026/07/0260","Ida Minyak","MINYAK (TUGUREJO)",80,"LTR",18500,1480000,0
"2026-07-20","INV/2026/07/0261","Rom Sembako","BLUBEN (TUGUREJO)",3,"KG",34000,102000,0
"2026-07-20","INV/2026/07/0261","Rom Sembako","GARAM (TUGUREJO)",10,"Pcs",1750,17500,0
"2026-07-20","INV/2026/07/0261","Rom Sembako","GULA (TUGUREJO)",5,"KG",16400,82000,0
"2026-07-20","INV/2026/07/0261","Rom Sembako","TEPUNG PANIR (TUGUREJO)",6,"SAK",175000,1050000,0
"2026-07-20","INV/2026/07/0261","Rom Sembako","GULA MERAH (TUGUREJO)",3,"KG",13000,39000,0
"2026-07-20","INV/2026/07/0261","Rom Sembako","TEPUNG TERIGU ( NGASEM)",10,"KG",9300,93000,0
"2026-07-20","INV/2026/07/0261","Rom Sembako","BAWANG PUTIH BUBUK 1/4KG",1,"Pcs",40000,40000,0
"2026-07-20","INV/2026/07/0261","Rom Sembako","LADAKU BBK 1/4KG",1,"Pcs",100000,100000,0
"2026-07-20","INV/2026/07/0261","Rom Sembako","AJINOMOTO (PAGU)",1,"KG",50000,50000,0
"2026-07-20","INV/2026/07/0261","Rom Sembako","GARAM (PAGU)",1,"BAL",35000,35000,0
"2026-07-20","INV/2026/07/0261","Rom Sembako","SODA KUE (PAGU)",1,"ONS",3500,3500,0
"2026-07-20","INV/2026/07/0261","Rom Sembako","TEPUNG TAPIOKA (PAGU)",1,"SAK",325000,325000,0
"2026-07-20","INV/2026/07/0261","Rom Sembako","TEPUNG SAGU (PAGU)",8,"KG",11000,88000,0
"2026-07-20","INV/2026/07/0261","Rom Sembako","ROIKO 1/4 (PAGU)",2,"Pcs",9500,19000,0
"2026-07-20","INV/2026/07/0262","Muchsieun Gas","GAS (TUGUREJO)",7,"TBG",230000,1610000,0
"2026-07-20","INV/2026/07/0262","Muchsieun Gas","GAS (PAGU)",3,"TBG",230000,690000,0
"2026-07-20","INV/2026/07/0263","Sumber Biru Unggas","BONELESS DADA (TUGUREJO)",149.5,"KG",43000,6428500,0
"2026-07-20","INV/2026/07/0263","Sumber Biru Unggas","BONELESS DADA (NGASEM)",114.9,"KG",43000,4940700,0
"2026-07-20","INV/2026/07/0264","April Tahu","TAHU KUNING (NGASEM)",1280,"BIJI",1000,1280000,0
"2026-07-20","INV/2026/07/0264","April Tahu","TAHU PUTIH (TUGUREJO)",720,"BIJI",1000,720000,0
"2026-07-20","INV/2026/07/0265","Yosua Buah","JERUK SANTANG (TUGUREJO)",300,"KG",16000,4800000,0
"2026-07-20","INV/2026/07/0265","Yosua Buah","PISANG IJO (PAGU)",2540,"Pcs",1600,4064000,0
"2026-07-20","INV/2026/07/0265","Yosua Buah","SEMANGKA (NGASEM)",240,"KG",12500,3000000,0
"2026-07-20","INV/2026/07/0265","Yosua Buah","KURANGN SUSU ",76,"KRT",500,38000,0
"2026-07-20","INV/2026/07/0266","Anto Tempe","TEMPE (PAGU)",300,"Pcs",5000,1500000,0
"2026-07-20","INV/2026/07/0267","Tedy Telur","TELUR AYAM (PAGU)",3.8,"KG",23800,90440,0
"2026-07-20","INV/2026/07/0268","Yuyun Pagu","TELUR ASIN",40,"Pcs",3500,140000,0
"2026-07-20","INV/2026/07/0268","Yuyun Pagu","TEMPE BESAR",22,"Pcs",6000,132000,0
"2026-07-20","INV/2026/07/0269","Puji Sayur dan Buah Bumbu","KNOOR ROSTIP (PAGU)",2,"KG",75000,150000,0
"2026-07-20","INV/2026/07/0269","Puji Sayur dan Buah Bumbu","SEKENGKEL SAPI (PAGU)",5,"PCS",15000,75000,0
"2026-07-20","INV/2026/07/0269","Puji Sayur dan Buah Bumbu","MINYAK WIJEN 600 ML (PAGU)",1,"Pcs",45000,45000,0
"2026-07-20","INV/2026/07/0269","Puji Sayur dan Buah Bumbu","BAKING POWDER (PAGU)",3,"KLG",55000,165000,0
"2026-07-20","INV/2026/07/0269","Puji Sayur dan Buah Bumbu","SUSU UHT DIAMOND (NGASEM)",12,"LTR",22500,270000,0
"2026-07-20","INV/2026/07/0269","Puji Sayur dan Buah Bumbu","PAPRIKA BUBUK (NGASEM)",1,"KG",83000,83000,0
"2026-07-20","INV/2026/07/0269","Puji Sayur dan Buah Bumbu","SAOS TOMAT DELMONTE (NGASEM)",10,"KG",20000,200000,0
"2026-07-20","INV/2026/07/0269","Puji Sayur dan Buah Bumbu","CHICKEN POWDER ( TUGUREJO)",4,"KG",75000,300000,0
"2026-07-20","INV/2026/07/0269","Puji Sayur dan Buah Bumbu","MADU 625 ML (TUGUREJO)",5,"BTL",40000,200000,0
"2026-07-20","INV/2026/07/0269","Puji Sayur dan Buah Bumbu","SAORI (TUGUREJO)",2,"BTL",55000,110000,0
"2026-07-20","INV/2026/07/0269","Puji Sayur dan Buah Bumbu","KECAP ASIN (TUGUREJO)",1,"BTL",32000,32000,0
"2026-07-20","INV/2026/07/0270","Lailita Ngasem","PLASTIK SAYUR",2,"Pcs",4500,9000,0
"2026-07-20","INV/2026/07/0270","Lailita Ngasem","AYAM PTONG",6,"KG",31000,186000,0
"2026-07-20","INV/2026/07/0271","Shela Rahma Azizah Tugurejo","AYAM DADA FILLET",12.9,"KG",38000,490200,0
"2026-07-20","INV/2026/07/0272","Lala Koperasi","BELANJA KOPERASI",1,"Pcs",5000000,5000000,0
"2026-07-20","INV/2026/07/0273","Sumarmo","TELUR ASIN (PAGU)",2550,"Pcs",2800,7140000,3500
"2026-07-21","INV/2026/07/0273","Rudi Beras","BERAS (NGASEM)",100,"KG",14100,1410000,15000
"2026-07-21","INV/2026/07/0273","Rudi Beras","BERAS (TUGUREJO)",150,"KG",14100,2115000,15000
"2026-07-21","INV/2026/07/0273","Rudi Beras","BERAS (PAGU)",130,"KG",14100,1833000,15000
"2026-07-21","INV/2026/07/0274","Rom Sembako","TUMBAR BUBUK 1/2KG (TUGUREJO)",1,"Pcs",20000,20000,0
"2026-07-21","INV/2026/07/0274","Rom Sembako","GULA MERAH (TUGUREJO)",5,"KG",13000,65000,0
"2026-07-21","INV/2026/07/0274","Rom Sembako","GARAM (TGUREJO)",15,"Pcs",1750,26250,0
"2026-07-21","INV/2026/07/0274","Rom Sembako","GULA (TUGUREJO)",10,"KG",16300,163000,0
"2026-07-21","INV/2026/07/0274","Rom Sembako","TEPUNG TERIGU (NGASEM) ",6,"KG",9300,55800,0
"2026-07-21","INV/2026/07/0274","Rom Sembako","BAWANG PUTIH BUBUK 1/4KG (NGASEM)",1,"Pcs",40000,40000,0
"2026-07-21","INV/2026/07/0274","Rom Sembako","KECAP MANIS SAWI REFIL (NGASEM)",6,"Pcs",37500,225000,0
"2026-07-21","INV/2026/07/0274","Rom Sembako","GULA (NGASEM)",5,"KG",16300,81500,0
"2026-07-21","INV/2026/07/0274","Rom Sembako","TEPUNG TAPIOKA (PAGU)",1,"KR",325000,325000,0
"2026-07-21","INV/2026/07/0274","Rom Sembako","AJINOMOTO (PAGU)",1,"KG",50000,50000,0
"2026-07-21","INV/2026/07/0275","Ida Minyak","MINYAK (PAGU)",20,"LTR",18500,370000,0
"2026-07-21","INV/2026/07/0275","Ida Minyak","MINYAK (NGASEM)",10,"LTR",18500,185000,0
"2026-07-21","INV/2026/07/0275","Ida Minyak","MINYAK (TUGUREJO)",50,"LTR",18500,925000,0
"2026-07-21","INV/2026/07/0276","Mega Supplier","DP TELUR ASIN PAK AL",1,"ISI",1000000,1000000,0
"2026-07-21","INV/2026/07/0277","Puji Sayur dan Buah Bumbu","KNOOR ROSTIP (PAGU)",1,"KG",75000,75000,0
"2026-07-21","INV/2026/07/0277","Puji Sayur dan Buah Bumbu","TULANG AYAM (PAGU)",4,"KG",20000,80000,0
"2026-07-21","INV/2026/07/0277","Puji Sayur dan Buah Bumbu","SAORI (KOPERASI)",2,"LTR",55000,110000,0
"2026-07-21","INV/2026/07/0277","Puji Sayur dan Buah Bumbu","KERUPUK FINA (TUGUREJO)",24,"DUS",94000,2256000,0
"2026-07-21","INV/2026/07/0277","Puji Sayur dan Buah Bumbu","SAORI ( TUGUREJO)",3,"BTL",55000,165000,0
"2026-07-21","INV/2026/07/0277","Puji Sayur dan Buah Bumbu","KECAP MANIS (TUGUREJO)",1,"JRG",168000,168000,0
"2026-07-21","INV/2026/07/0277","Puji Sayur dan Buah Bumbu","CHICKEN POWDER (TUGUREJO)",4,"KG",75000,300000,0
"2026-07-21","INV/2026/07/0277","Puji Sayur dan Buah Bumbu","BRAMBANG GORENG (PAGU)",1.5,"KG",75000,112500,0
"2026-07-21","INV/2026/07/0277","Puji Sayur dan Buah Bumbu","BAWANG GORENG (PAGU)",1,"KG",85000,85000,0
"2026-07-21","INV/2026/07/0278","Yosua Buah","PISANG CAV. KUNING (TUGUREJO)",2850,"Pcs",2100,5985000,0
"2026-07-21","INV/2026/07/0278","Yosua Buah","MELON (PAGU)",250,"KG",16500,4125000,0
"2026-07-21","INV/2026/07/0278","Yosua Buah","SUSU FF (NGASEM)",69,"KRT",110500,7624500,0
"2026-07-21","INV/2026/07/0279","Isrofil Amar Dharma","TAHU BAKSO (PAGU)",2580,"Pcs",1400,3612000,0
"2026-07-21","INV/2026/07/0280","Tedy Telur","TELUR (TUGUREJO)",195,"KG",23800,4641000,0
"2026-07-21","INV/2026/07/0280","Tedy Telur","TELUR (NGASEM)",153,"KG",23800,3641400,0
"2026-07-21","INV/2026/07/0281","Anto Tempe","TEMPE (TUGUREJO)",180,"Pcs",5000,900000,0
"2026-07-21","INV/2026/07/0282","Muchsieun Gas","GAS (PAGU)",5,"TBG",230000,1150000,0
"2026-07-21","INV/2026/07/0282","Muchsieun Gas","GAS (TUGUREJO)",7,"TBG",230000,1610000,0
"2026-07-21","INV/2026/07/0283","Yuyun Pagu","telur ayam",8,"kg",25000,200000,0
"2026-07-21","INV/2026/07/0283","Yuyun Pagu","royco ayam",14,"rtg",5000,70000,0
"2026-07-21","INV/2026/07/0283","Yuyun Pagu","garam halus",1,"bal",40000,40000,0
"2026-07-21","INV/2026/07/0283","Yuyun Pagu","melon",10,"kg",15000,150000,0
"2026-07-21","INV/2026/07/0284","Lailita Ngasem","KECAP BANGO 1.5KG",4,"PCS",55500,222000,0
"2026-07-21","INV/2026/07/0284","Lailita Ngasem","PLASTIK ES LILIN",8,"PACK",12500,100000,0
"2026-07-21","INV/2026/07/0284","Lailita Ngasem","BENANG",1,"PACK",30000,30000,0
"2026-07-21","INV/2026/07/0284","Lailita Ngasem","GUNTING",2,"PCS",10000,20000,0
"2026-07-21","INV/2026/07/0284","Lailita Ngasem","TEMPE",85,"Pcs",12000,1020000,0
"2026-07-21","INV/2026/07/0285","Shela Rahma Azizah Tugurejo","GAS",4,"TBG",239000,956000,0
"2026-07-21","INV/2026/07/0286","Lala Koperasi","DANA BELANJA",1,"ISI",5000000,5000000,0
"2026-07-21","INV/2026/07/0287","Ida Minyak","MINYAK (PAGU)",40,"Ltr",18500,740000,0
"2026-07-22","INV/2026/07/0288","Rudi Beras","BERAS (TUGUREJO)",175,"KG",14100,2467500,0
"2026-07-22","INV/2026/07/0288","Rudi Beras","BERAS (NGASEM)",100,"KG",14100,1410000,0
"2026-07-22","INV/2026/07/0288","Rudi Beras","BERAS (PAGU)",130,"KG",14100,1833000,0
"2026-07-22","INV/2026/07/0289","Rom Sembako","GULA (TUGUREJO)",10,"KG",16200,162000,0
"2026-07-22","INV/2026/07/0289","Rom Sembako","GARAM (TUGUREJO)",15,"Pcs",3000,45000,0
"2026-07-22","INV/2026/07/0289","Rom Sembako","TEPUNG COKRO (TUGUREJO)",1,"SAK",223000,223000,0
"2026-07-22","INV/2026/07/0289","Rom Sembako","TEPUNG PATI (TUGUREJO)",10,"KG",13500,135000,0
"2026-07-22","INV/2026/07/0289","Rom Sembako","KUNYIT BUBUK 1/4KG (NGASEM)",1,"Pcs",45000,45000,0
"2026-07-22","INV/2026/07/0289","Rom Sembako","TEPUNG TERIGU ( NGASEM)",10,"KG",9300,93000,0
"2026-07-22","INV/2026/07/0289","Rom Sembako","KETUMBAR BUBUK (NGSEM)",1,"Pcs",20000,20000,0
"2026-07-22","INV/2026/07/0289","Rom Sembako","GARAM (NGASEM)",7,"Pcs",1750,12250,0
"2026-07-22","INV/2026/07/0289","Rom Sembako","TEPUNG PANIR ( PAGU)",1,"SAK",175000,175000,0
"2026-07-22","INV/2026/07/0289","Rom Sembako","AJINOMOTO (PAGU)",1,"KG",50000,50000,0
"2026-07-22","INV/2026/07/0290","Ida Minyak","MINYAK (PAGU)",20,"LTR",18500,370000,0
"2026-07-22","INV/2026/07/0290","Ida Minyak","MINYAK (NGASEM)",60,"LTR",18500,1110000,0
"2026-07-22","INV/2026/07/0290","Ida Minyak","MINYAK (TUGUREJO)",90,"LTR",18500,1665000,0
"2026-07-22","INV/2026/07/0290","Ida Minyak","MINYAK (PAGU)",60,"LTR",18500,1110000,0
"2026-07-22","INV/2026/07/0291","Yosua Buah","SEMANGKA (TUGUREJO)",320,"KG",12500,4000000,0
"2026-07-22","INV/2026/07/0291","Yosua Buah","SUSU FF (PAGU)",74,"KRT",110500,8177000,0
"2026-07-22","INV/2026/07/0292","Muchsieun Gas","GAS (PAGU)",5,"Pcs",230000,1150000,0
"2026-07-22","INV/2026/07/0292","Muchsieun Gas","GAS (TUGUREJO)",5,"Pcs",230000,1150000,0
"2026-07-22","INV/2026/07/0293","Sumber Biru Unggas","AYAM POTONG (NGASEM)",252.41,"KG",33000,8329530,0
"2026-07-22","INV/2026/07/0293","Sumber Biru Unggas","BONELESS DADA (TUGUREJO)",140.6,"KG",43000,6045800,0
"2026-07-22","INV/2026/07/0294","Tedy Telur","TELUR PAGU ",159,"KG",23800,3784200,0
"2026-07-22","INV/2026/07/0295","Puji Sayur dan Buah Bumbu","SAORI (PAGU)",1,"Pcs",55000,55000,0
"2026-07-22","INV/2026/07/0295","Puji Sayur dan Buah Bumbu","KNOOR (PAGU)",3,"KG",101000,303000,0
"2026-07-22","INV/2026/07/0295","Puji Sayur dan Buah Bumbu","TOTOLE (NGASEM)",1,"KG",120000,120000,0
"2026-07-22","INV/2026/07/0295","Puji Sayur dan Buah Bumbu","SAORI (NGASEM)",5,"BTL",55000,275000,0
"2026-07-22","INV/2026/07/0295","Puji Sayur dan Buah Bumbu","SAOS DELMONTE BBQ (TUGUREJO)",2,"kg",37000,74000,0
"2026-07-22","INV/2026/07/0295","Puji Sayur dan Buah Bumbu","KECAP INGGRIS (TUGUREJO)",1,"BTL",50000,50000,0
"2026-07-22","INV/2026/07/0295","Puji Sayur dan Buah Bumbu","CHICKEN POWDER (TUGUREJO)",4,"KG",75000,300000,0
"2026-07-22","INV/2026/07/0295","Puji Sayur dan Buah Bumbu","WIJEN PUTIH (TUGUREJO)",1.5,"KG",48000,72000,0
"2026-07-22","INV/2026/07/0296","April Tahu","TAHU (TUGUREJO)",720,"Pcs",1000,720000,1500
"2026-07-22","INV/2026/07/0297","Yuyun Pagu","BERAS",2,"KG",15000,30000,0
"2026-07-22","INV/2026/07/0297","Yuyun Pagu","TEMPE",30,"PCS",6000,180000,0
"2026-07-22","INV/2026/07/0297","Yuyun Pagu","SELADA",22,"KG",30000,660000,0
"2026-07-22","INV/2026/07/0297","Yuyun Pagu","GARAM",1,"KG",20000,20000,0
"2026-07-22","INV/2026/07/0297","Yuyun Pagu","TEPUNG PANIR",5,"KG",17000,85000,0
"2026-07-22","INV/2026/07/0297","Yuyun Pagu","ADONAN BASAH BAKSO",120,"KG",31000,3720000,0
"2026-07-22","INV/2026/07/0298","Bayu Pisang Cavendish Kuning","PISANG CAV KUNING",2560,"Pcs",1800,4608000,2000
"2026-07-22","INV/2026/07/0299","Lailita Ngasem","GFARM FF SHS",1,"KG",53000,53000,0
"2026-07-22","INV/2026/07/0299","Lailita Ngasem","TERIGU KUNCI BIRU",1,"Pcs",14700,14700,0
"2026-07-22","INV/2026/07/0299","Lailita Ngasem","TERIGU SEGITIGA BIRU",8,"PCS",15200,121600,0
"2026-07-22","INV/2026/07/0299","Lailita Ngasem","TERIGU CAKRA KEMBAR",4,"Pcs",15800,63200,0
"2026-07-22","INV/2026/07/0299","Lailita Ngasem","LECANA MERAH",7,"KG",11200,78400,0
"2026-07-22","INV/2026/07/0299","Lailita Ngasem","FORVITA",4,"Pcs",7200,28800,0
"2026-07-22","INV/2026/07/0299","Lailita Ngasem","GFARM FF SHS",1,"Pcs",53000,53000,0
"2026-07-22","INV/2026/07/0300","Anto Tempe","TEMPE (PAGU)",300,"Pcs",5000,1500000,6000
"2026-07-22","INV/2026/07/0301","Lailita Ngasem","TEPUNG TERIGU",30,"KG",10000,300000,0
"2026-07-22","INV/2026/07/0301","Lailita Ngasem","TEPUNG MAIZENA",25,"KG",19500,487500,0
"2026-07-23","INV/2026/07/0302","Rom Sembako","GARAM (NGASEM)",5,"BIJI",1750,8750,0
"2026-07-23","INV/2026/07/0302","Rom Sembako","GULA MERAH (NGASEM)",3,"KG",13000,39000,0
"2026-07-23","INV/2026/07/0302","Rom Sembako","LADAKU 1/4 (NGASEM)",1,"Pcs",100000,100000,0
"2026-07-23","INV/2026/07/0302","Rom Sembako","BAPUT BUBUK 1/4 (NGASEM)",1,"Pcs",40000,40000,0
"2026-07-23","INV/2026/07/0302","Rom Sembako","TEPUNG TERIGU (NGASEM)",4,"KG",9300,37200,0
"2026-07-23","INV/2026/07/0302","Rom Sembako","TEPUNG PATI (NGASEM)",4,"KG",13500,54000,0
"2026-07-23","INV/2026/07/0302","Rom Sembako","BIHUN JAGUNG (PAGU)",15,"Pcs",7100,106500,0
"2026-07-23","INV/2026/07/0302","Rom Sembako","AJINOMOTO (PAGU)",2,"KG",50000,100000,0
"2026-07-23","INV/2026/07/0302","Rom Sembako","GARAM (PAGU)",3,"BAL",35000,105000,0
"2026-07-23","INV/2026/07/0302","Rom Sembako","GULA (PAGU)",10,"KG",16200,162000,0
"2026-07-23","INV/2026/07/0302","Rom Sembako","ROYCO SAPI (PAGU)",8,"Pcs",9500,76000,0
"2026-07-23","INV/2026/07/0302","Rom Sembako","TEPUNG TAPIOKA (TUGUREJO)",5,"KG",13500,67500,0
"2026-07-23","INV/2026/07/0302","Rom Sembako","BLUBEN (TUGUREJO)",6,"KG",34000,204000,0
"2026-07-23","INV/2026/07/0302","Rom Sembako","TEPUNG PANIR (TUGUREJO)",2,"SAK",175000,350000,0
"2026-07-23","INV/2026/07/0302","Rom Sembako","TEPUNG COKRO (TUGUREJO)",1,"SAK",223000,223000,0
"2026-07-23","INV/2026/07/0303","Puji Sayur dan Buah Bumbu","KNOOR (PAGU)",2,"KG",101000,202000,106000
"2026-07-23","INV/2026/07/0303","Puji Sayur dan Buah Bumbu","SENGKEL SAPI (PAGU)",6,"Pcs",15000,90000,18000
"2026-07-23","INV/2026/07/0303","Puji Sayur dan Buah Bumbu","TOTOLE (NGASEM)",2,"KG",120000,240000,125000
"2026-07-23","INV/2026/07/0303","Puji Sayur dan Buah Bumbu","FIBER CREAM (NGASEM)",1,"KG",118000,118000,123000
"2026-07-23","INV/2026/07/0303","Puji Sayur dan Buah Bumbu","SAORI (TUGUREJO)",3,"BTL",55000,165000,60000
"2026-07-23","INV/2026/07/0303","Puji Sayur dan Buah Bumbu","KECAP ASIN SAWI (TUGUREJO)",1,"BTL",15000,15000,20000
"2026-07-23","INV/2026/07/0303","Puji Sayur dan Buah Bumbu","CHICKEN POWDER (TUGUREJO)",4,"KG",75000,300000,80000
"2026-07-23","INV/2026/07/0303","Puji Sayur dan Buah Bumbu","KULIT PANGSIT (TUGUREJO)",4,"PACK",57000,228000,60000
"2026-07-23","INV/2026/07/0303","Puji Sayur dan Buah Bumbu","BUMBU BAKSO (PAGU)",4,"Pcs",10000,40000,11000
"2026-07-23","INV/2026/07/0304","April Tahu","TAHU KUNING (PAGU)",1270,"Pcs",1000,1270000,1500
"2026-07-23","INV/2026/07/0304","April Tahu","TAHU PUTIH (TUGUREJO)",800,"Pcs",1000,800000,1500
"2026-07-23","INV/2026/07/0305","Ida Minyak","MINYAK (NGASEM)",60,"LTR",18500,1110000,20000
"2026-07-23","INV/2026/07/0305","Ida Minyak","MINYAK (TUGUREJO)",80,"LTR",18500,1480000,20000
"2026-07-23","INV/2026/07/0306","Muchsieun Gas","GAS (PAGU)",6,"TBG",230000,1380000,240000
"2026-07-23","INV/2026/07/0307","Yosua Buah","KELENGKENG (TUGUREJO)",11,"KRAT",465000,5115000,470000
"2026-07-23","INV/2026/07/0307","Yosua Buah","SUSU FF (TUGUREJO)",77,"KRT",110500,8508500,121000
"2026-07-23","INV/2026/07/0307","Yosua Buah","JERUK SIEM (PAGU)",324,"KG",16500,5346000,18500
"2026-07-23","INV/2026/07/0307","Yosua Buah","APEL UK 113 DAN 100 (NGASEM)",20,"DUS",470000,9400000,475000
"2026-07-23","INV/2026/07/0308","Rudi Beras","BERAS (TUGUREJO)",150,"KG",14100,2115000,15000
"2026-07-23","INV/2026/07/0308","Rudi Beras","BERAS (NGASEM)",100,"KG",14100,1410000,15000
"2026-07-23","INV/2026/07/0309","Tedy Telur","TELUR (NGASEM)",160,"KG",23500,3760000,25000
"2026-07-23","INV/2026/07/0309","Tedy Telur","TELUR (TUGUREJO)",200,"KG",23500,4700000,25000
"2026-07-23","INV/2026/07/0310","Yuyun Pagu","LONTONG",2115,"Pcs",1100,2326500,0
"2026-07-23","INV/2026/07/0310","Yuyun Pagu","BAKSO isi 100",3,"psck",50000,150000,0
"2026-07-23","INV/2026/07/0310","Yuyun Pagu","LONTONG",684,"Pcs",1100,752400,0
"2026-07-23","INV/2026/07/0310","Yuyun Pagu","BAKSO ISI 100",1,"PACK",50000,50000,0
"2026-07-23","INV/2026/07/0311","Isrofil Amar Dharma","PENTOL",11100,"Pcs",520,5772000,650
"2026-07-23","INV/2026/07/0312","Lailita Ngasem","SUNCO 2LT",5,"PCS",43000,215000,0
"2026-07-23","INV/2026/07/0312","Lailita Ngasem","TEMPE",79,"PCS",12000,948000,0
"2026-07-24","INV/2026/07/0313","Sumarmo","GALON AKEO",140,"GLN",16000,2240000,19800